Name,Hue (degrees)
Absolute zero,217.0
Acid green,65.0
Aero,206.0
Aero blue,151.0
African violet,288.0
Air Force blue (RAF),204.0
Air Force blue (USAF),220.0
Air superiority blue,205.0
Alabama crimson,346.0
Alabaster,346.0
Alice blue,208.0
Alien Armpit,85.0
Alizarin crimson,355.0
Alloy orange,27.0
Almond,30.0
Amaranth,348.0
Amaranth deep purple,328.0
Amaranth pink,338.0
Amaranth purple,342.0
Amaranth red,356.0
Amazon,147.0
Amazonite,356.0
Amber,45.0
Amber (SAE/ECE),30.0
American rose,346.0
Amethyst,270.0
Android green,74.0
Anti-flash white,210.0
Antique brass,22.0
Antique bronze,53.0
Antique fuchsia,316.0
Antique ruby,350.0
Antique white,34.0
Ao (English),120.0
Apple green,74.0
Apricot,24.0
Aqua,180.0
Aquamarine,160.0
Arctic lime,72.0
Army green,69.0
Arsenic,206.0
Artichoke,76.0
Arylide yellow,51.0
Ash grey,135.0
Asparagus,93.0
Atomic tangerine,20.0
Auburn,0.0
Aureolin,56.0
AuroMetalSaurus,183.0
Avocado,81.0
Awesome,81.0
Aztec Gold,38.0
Azure,210.0
Azure (web color),180.0
Azure mist,180.0
Azureish white,206.0
Baby blue,199.0
Baby blue eyes,209.0
Baby pink,0.0
Baby powder,60.0
Baker-Miller pink,344.0
Ball blue,192.0
Banana Mania,43.0
Banana yellow,51.0
Bangladesh green,164.0
Barbie pink,327.0
Barn red,4.0
Battery Charged Blue,194.0
Battleship grey,60.0
Bazaar,353.0
Beau blue,206.0
Beaver,22.0
Begonia,355.0
Beige,60.0
B'dazzled blue,215.0
Big dip o’ruby,345.0
Big Foot Feet,22.0
Bisque,33.0
Bistre,24.0
Bistre brown,43.0
Bitter lemon,66.0
Bitter lime,75.0
Bittersweet,6.0
Bittersweet shimmer,359.0
Black,0.0
Black bean,10.0
Black Coral,209.0
Black leather jacket,135.0
Black olive,70.0
Black Shadows,349.0
Blanched almond,36.0
Blast-off bronze,12.0
Bleu de France,210.0
Blizzard Blue,188.0
Blond,50.0
Blue,240.0
Blue (Crayola),217.0
Blue (Munsell),190.0
Blue (NCS),197.0
Blue (Pantone),231.0
Blue (pigment),240.0
Blue (RYB),224.0
Blue Bell,240.0
Blue Bolt,196.0
Blue-gray,210.0
Blue-green,192.0
Blue Jeans,206.0
Blue Lagoon,188.0
Blue-magenta violet,261.0
Blue sapphire,197.0
Blue-violet,271.0
Blue yonder,217.0
Blueberry,220.0
Bluebonnet,240.0
Blush,342.0
Bole,9.0
Bondi blue,191.0
Bone,39.0
Booger Buster,63.0
Boston University Red,0.0
Bottle green,164.0
Boysenberry,328.0
Brandeis blue,214.0
Brass,52.0
Brick red,352.0
Bright cerulean,194.0
Bright green,96.0
Bright lavender,272.0
Bright lilac,285.0
Bright maroon,346.0
Bright navy blue,210.0
Bright pink,330.0
Bright turquoise,177.0
Bright ube,281.0
Bright Yellow (Crayola),37.0
Brilliant azure,210.0
Brilliant lavender,290.0
Brilliant rose,332.0
Brink pink,348.0
British racing green,154.0
Bronze,30.0
Bronze Yellow,58.0
Brown (traditional),30.0
Brown (web),0.0
Brown-nose,28.0
Brown Sugar,20.0
Brown Yellow,30.0
Brunswick green,162.0
Bubble gum,349.0
Bubbles,183.0
Bud green,102.0
Buff,49.0
Bulgarian rose,359.0
Burgundy,345.0
Burlywood,34.0
Burnished Brown,8.0
Burnt orange,25.0
Burnt sienna,14.0
Burnt umber,9.0
Byzantine,311.0
Byzantium,311.0
Cadet,199.0
Cadet blue,182.0
Cadet grey,205.0
Cadmium green,154.0
Cadmium orange,28.0
Cadmium red,351.0
Cadmium yellow,58.0
Café au lait,26.0
Café noir,30.0
Cal Poly Pomona green,137.0
Cambridge Blue,140.0
Camel,33.0
Cameo pink,340.0
Camouflage green,91.0
Canary,60.0
Canary yellow,56.0
Candy apple red,2.0
Candy pink,355.0
Capri,195.0
Caput mortuum,7.0
Cardinal,350.0
Caribbean green,165.0
Carmine,350.0
Carmine (M&P),342.0
Carmine pink,4.0
Carmine red,347.0
Carnation pink,336.0
Carnelian,0.0
Carolina blue,204.0
Carrot orange,33.0
Castleton green,164.0
Catalina blue,221.0
Catawba,348.0
Cedar Chest,8.0
Ceil,225.0
Celadon,123.0
Celadon blue,196.0
Celadon green,174.0
Celeste,180.0
Celestial blue,205.0
Cerise,343.0
Cerise pink,336.0
Cerulean,196.0
Cerulean blue,224.0
Cerulean frost,208.0
CG Blue,196.0
CG Red,4.0
Chamoisee,26.0
Champagne,37.0
Champagne pink,25.0
Charcoal,204.0
Charleston green,180.0
Charm pink,340.0
Chartreuse (traditional),68.0
Chartreuse (web),90.0
Cherry,343.0
Cherry blossom pink,348.0
Chestnut,10.0
China pink,333.0
China rose,340.0
Chinese red,11.0
Chinese violet,296.0
Chlorophyll green,103.0
Chocolate (traditional),31.0
Chocolate (web),25.0
Chrome yellow,39.0
Cinereous,12.0
Cinnabar,5.0
Cinnamon[citation needed],25.0
Cinnamon Satin,343.0
Citrine,54.0
Citron,64.0
Claret,343.0
Classic rose,326.0
Cobalt Blue,215.0
Cocoa brown,25.0
Coconut,19.0
Coffee,25.0
Columbia Blue,200.0
Congo pink,5.0
Cool Black,212.0
Cool grey,229.0
Copper,29.0
Copper (Crayola),18.0
Copper penny,5.0
Copper red,14.0
Copper rose,0.0
Coquelicot,13.0
Coral,16.0
Coral pink,5.0
Coral red,0.0
Coral Reef,6.0
Cordovan,355.0
Corn,54.0
Cornell Red,0.0
Cornflower blue,219.0
Cornsilk,48.0
Cosmic Cobalt,241.0
Cosmic latte,43.0
Coyote brown,62.0
Cotton candy,334.0
Cream,57.0
Crimson,348.0
Crimson glory,344.0
Crimson red,0.0
Cultured,0.0
Cyan,180.0
Cyan azure,209.0
Cyan-blue azure,210.0
Cyan cobalt blue,215.0
Cyan cornflower blue,199.0
Cyan (process),193.0
Cyber grape,263.0
Cyber yellow,50.0
Cyclamen,0.0
Daffodil,60.0
Dandelion,55.0
Dark blue,240.0
Dark blue-gray,240.0
Dark brown,30.0
Dark brown-tangelo,24.0
Dark byzantium,315.0
Dark candy apple red,0.0
Dark cerulean,209.0
Dark chestnut,10.0
Dark coral,10.0
Dark cyan,180.0
Dark electric blue,206.0
Dark goldenrod,43.0
Dark gray (X11),0.0
Dark green,158.0
Dark green (X11),120.0
Dark gunmetal,202.0
Dark imperial blue,203.0
Dark imperial blue,183.0
Dark jungle green,162.0
Dark khaki,56.0
Dark lava,27.0
Dark lavender,270.0
Dark liver,330.0
Dark liver (horses),12.0
Dark magenta,300.0
Dark medium gray,0.0
Dark midnight blue,210.0
Dark moss green,80.0
Dark olive green,82.0
Dark orange,33.0
Dark orchid,280.0
Dark pastel blue,212.0
Dark pastel green,138.0
Dark pastel purple,263.0
Dark pastel red,9.0
Dark pink,342.0
Dark powder blue,220.0
Dark puce,354.0
Dark purple,291.0
Dark raspberry,330.0
Dark red,0.0
Dark salmon,15.0
Dark scarlet,344.0
Dark sea green,120.0
Dark sienna,0.0
Dark sky blue,199.0
Dark slate blue,248.0
Dark slate gray,180.0
Dark spring green,150.0
Dark tan,45.0
Dark tangerine,38.0
Dark taupe,27.0
Dark terra cotta,353.0
Dark turquoise,181.0
Dark vanilla,32.0
Dark violet,282.0
Dark yellow,52.0
Dartmouth green,152.0
Davy's grey,0.0
Debian red,339.0
Deep aquamarine,161.0
Deep carmine,347.0
Deep carmine pink,357.0
Deep carrot orange,19.0
Deep cerise,330.0
Deep champagne,35.0
Deep chestnut,3.0
Deep coffee,1.0
Deep fuchsia,300.0
Deep Green,122.0
Deep green-cyan turquoise,165.0
Deep jungle green,178.0
Deep koamaru,240.0
Deep lemon,47.0
Deep lilac,280.0
Deep magenta,300.0
Deep maroon,0.0
Deep mauve,300.0
Deep moss green,129.0
Deep peach,26.0
Deep pink,328.0
Deep puce,351.0
Deep Red,0.0
Deep ruby,336.0
Deep saffron,30.0
Deep sky blue,195.0
Deep Space Sparkle,194.0
Deep spring bud,82.0
Deep Taupe,356.0
Deep Tuscan red,342.0
Deep violet,270.0
Deer,28.0
Denim,213.0
Denim Blue,227.0
Desaturated cyan,180.0
Desert,33.0
Desert sand,25.0
Desire,352.0
Diamond,191.0
Dim gray,0.0
Dingy Dungeon,347.0
Dirt,29.0
Dodger blue,210.0
Dogwood rose,335.0
Dollar bill,98.0
Dolphin Gray,130.0
Donkey brown,35.0
Drab,43.0
Duke blue,240.0
Dust storm,6.0
Dutch white,42.0
Earth yellow,34.0
Ebony,97.0
Ecru,45.0
Eerie black,0.0
Eggplant,329.0
Eggshell,46.0
Egyptian blue,226.0
Electric blue,183.0
Electric crimson,345.0
Electric cyan,180.0
Electric green,120.0
Electric indigo,266.0
Electric lavender,290.0
Electric lime,72.0
Electric purple,285.0
Electric ultramarine,255.0
Electric violet,274.0
Electric yellow,60.0
Emerald,140.0
Eminence,284.0
English green,162.0
English lavender,338.0
English red,356.0
English vermillion,358.0
English violet,289.0
Eton blue,134.0
Eucalyptus,161.0
Fallow,33.0
Falu red,0.0
Fandango,320.0
Fandango pink,338.0
Fashion fuchsia,320.0
Fawn,30.0
Feldgrau,143.0
Feldspar,28.0
Fern green,106.0
Ferrari Red,9.0
Field drab,42.0
Fiery Rose,350.0
Firebrick,0.0
Fire engine red,357.0
Flame,17.0
Flamingo pink,344.0
Flattery,28.0
Flavescent,52.0
Flax,50.0
Flirt,320.0
Floral white,40.0
Fluorescent orange,45.0
Fluorescent pink,328.0
Fluorescent yellow,72.0
Folly,341.0
Forest green (traditional),149.0
Forest green (web),120.0
French beige,26.0
French bistre,34.0
French blue,203.0
French fuchsia,334.0
French lilac,290.0
French lime,89.0
French mauve,300.0
French pink,339.0
French plum,325.0
French puce,11.0
French raspberry,349.0
French rose,338.0
French sky blue,212.0
French violet,279.0
French wine,344.0
Fresh Air,196.0
Frostbite,322.0
Fuchsia,300.0
Fuchsia (Crayola),300.0
Fuchsia pink,300.0
Fuchsia purple,333.0
Fuchsia rose,337.0
Fulvous,35.0
Fuzzy Wuzzy,0.0
Gainsboro,0.0
Gamboge,39.0
Gamboge orange (brown),40.0
Gargoyle Gas,50.0
Generic viridian,168.0
Ghost white,240.0
Giant's Club,6.0
Giants orange,16.0
Ginger,34.0
Glaucous,216.0
Glitter,234.0
Glossy Grape,285.0
GO green,156.0
Gold (metallic),46.0
Gold (web) (Golden),51.0
Gold Fusion,43.0
Golden brown,36.0
Golden poppy,46.0
Golden yellow,52.0
Goldenrod,43.0
Granite Gray,0.0
Granny Smith Apple,113.0
Grape,272.0
Gray,0.0
Gray (HTML/CSS gray),0.0
Gray (X11 gray),0.0
Gray-asparagus,117.0
Gray-blue,229.0
Green (Color Wheel) (X11 green),120.0
Green (Crayola),158.0
Green (HTML/CSS color),120.0
Green (Munsell),163.0
Green (NCS),160.0
Green (Pantone),143.0
Green (pigment),149.0
Green (RYB),95.0
Green-blue,209.0
Green-cyan,160.0
Green Lizard,84.0
Green Sheen,168.0
Green-yellow,84.0
Grizzly,34.0
Grullo,34.0
Guppie green,150.0
Gunmetal,200.0
Halayà úbe,323.0
Han blue,223.0
Han purple,255.0
Hansa yellow,51.0
Harlequin,105.0
Harlequin green,105.0
Harvard crimson,353.0
Harvest gold,40.0
Heart Gold,60.0
Heat Wave,29.0
Heidelberg Red[2],10.0
Heliotrope,286.0
Heliotrope gray,303.0
Heliotrope magenta,295.0
Hollywood cerise,320.0
Honeydew,120.0
Honolulu blue,203.0
Hooker's green,163.0
Hot magenta,313.0
Hot pink,330.0
Hunter green,129.0
Iceberg,207.0
Icterine,58.0
Iguana Green,126.0
Illuminating Emerald,164.0
Imperial,289.0
Imperial blue,226.0
Imperial purple,325.0
Imperial red,355.0
Inchworm,84.0
Independence,231.0
India green,115.0
Indian red,0.0
Indian yellow,35.0
Indigo,266.0
Indigo dye,230.0
Indigo (web),275.0
Infra Red,348.0
Interdimensional Blue,253.0
International Klein Blue,223.0
International orange (aerospace),19.0
International orange (engineering),3.0
International orange (Golden Gate Bridge),4.0
Iris,245.0
Irresistible,338.0
Isabelline,30.0
Islamic green,120.0
Italian sky blue,180.0
Ivory,60.0
Jade,158.0
Japanese carmine,355.0
Japanese indigo,189.0
Japanese violet,307.0
Jasmine,47.0
Jasper,359.0
Jazzberry jam,328.0
Jelly Bean,8.0
Jet,0.0
Jonquil,49.0
Jordy blue,213.0
June bud,73.0
Jungle green,163.0
Kelly green,101.0
Kenyan copper,12.0
Keppel,171.0
Key Lime,67.0
Khaki (HTML/CSS) (Khaki),37.0
Khaki (X11) (Light khaki),54.0
Kiwi,91.0
Kobe,12.0
Kobi,329.0
Kobicha,28.0
Kombu green,103.0
KSU Purple,266.0
KU Crimson,357.0
La Salle Green,141.0
Languid lavender,278.0
Lapis lazuli,210.0
Laser Lemon,60.0
Laurel green,95.0
Lava,355.0
Lavender (floral),275.0
Lavender (web),240.0
Lavender blue,240.0
Lavender blush,340.0
Lavender gray,245.0
Lavender indigo,265.0
Lavender magenta,300.0
Lavender mist,240.0
Lavender pink,332.0
Lavender purple,267.0
Lavender rose,316.0
Lawn green,90.0
Lemon,58.0
Lemon chiffon,54.0
Lemon curry,45.0
Lemon glacier,60.0
Lemon lime,67.0
Lemon meringue,47.0
Lemon yellow,56.0
Licorice,6.0
Liberty,236.0
Light apricot,28.0
Light blue,195.0
Light brown,28.0
Light carmine pink,355.0
Light cobalt blue,215.0
Light coral,0.0
Light cornflower blue,201.0
Light crimson,343.0
Light cyan,180.0
Light deep pink,318.0
Light French beige,38.0
Light fuchsia pink,305.0
Light goldenrod yellow,60.0
Light gray,0.0
Light grayish magenta,300.0
Light green,120.0
Light hot pink,326.0
Light khaki,54.0
Light medium orchid,309.0
Light moss green,120.0
Light orchid,315.0
Light pastel purple,261.0
Light pink,351.0
Light red ochre,14.0
Light salmon,17.0
Light salmon pink,0.0
Light sea green,177.0
Light sky blue,203.0
Light slate gray,210.0
Light steel blue,214.0
Light taupe,26.0
Light Thulian pink,340.0
Light yellow,60.0
Lilac,300.0
Lilac Luster,311.0
Lime (color wheel),75.0
Lime (web) (X11 green),120.0
Lime green,120.0
Limerick,72.0
Lincoln green,106.0
Linen,30.0
Loeen(lopen)look/vomit+indogo+Lopen+Gabriel,33.0
Liseran Purple,333.0
Little boy blue,212.0
Liver,9.0
Liver (dogs),29.0
Liver (organ),12.0
Liver chestnut,27.0
Livid,210.0
Lumber,28.0
Lust,0.0
Maastricht Blue,212.0
Macaroni and Cheese,27.0
Madder Lake,359.0
Magenta,300.0
Magenta (Crayola),332.0
Magenta (dye),328.0
Magenta (Pantone),334.0
Magenta (process),326.0
Magenta haze,327.0
Magenta-pink,325.0
Magic mint,153.0
Magic Potion,349.0
Magnolia,262.0
Mahogany,20.0
Maize,54.0
Majorelle Blue,247.0
Malachite,140.0
Manatee,231.0
Mandarin,18.0
Mango Tango,20.0
Mantis,110.0
Mardi Gras,301.0
Marigold,39.0
Maroon (Crayola),346.0
Maroon (HTML/CSS),0.0
Maroon (X11),338.0
Mauve,276.0
Mauve taupe,343.0
Mauvelous,348.0
Maximum Blue,195.0
Maximum Blue Green,180.0
Maximum Blue Purple,240.0
Maximum Green,90.0
Maximum Green Yellow,65.0
Maximum Purple,290.0
Maximum Red,0.0
Maximum Red Purple,325.0
Maximum Yellow,60.0
Maximum Yellow Red,40.0
May green,112.0
Maya blue,205.0
Meat brown,44.0
Medium aquamarine,154.0
Medium blue,240.0
Medium candy apple red,350.0
Medium carmine,5.0
Medium champagne,48.0
Medium electric blue,209.0
Medium jungle green,161.0
Medium lavender magenta,300.0
Medium orchid,288.0
Medium Persian blue,203.0
Medium purple,260.0
Medium red-violet,324.0
Medium ruby,337.0
Medium sea green,147.0
Medium sky blue,190.0
Medium slate blue,249.0
Medium spring bud,73.0
Medium spring green,157.0
Medium taupe,9.0
Medium turquoise,178.0
Medium Tuscan red,9.0
Medium vermilion,14.0
Medium violet-red,322.0
Mellow apricot,30.0
Mellow yellow,47.0
Melon,7.0
Metallic Seaweed,186.0
Metallic Sunburst,41.0
Mexican pink,327.0
Middle Blue,126.0
Middle Blue Green,141.0
Middle Blue Purple,260.0
Middle Red Purple,139.0
Middle Green,130.0
Middle Green Yellow,72.0
Middle Purple,325.0
Middle Red,15.0
Middle Red Purple,165.0
Middle Yellow,55.0
Middle Yellow Red,236.0
Midnight,300.0
Midnight blue,240.0
Midnight green (eagle green),187.0
Mikado yellow,45.0
Milk,72.0
Mimi Pink,336.0
Mindaro,72.0
Ming,188.0
Minion Yellow,52.0
Mint,158.0
Mint cream,150.0
Mint green,120.0
Misty Moss,54.0
Misty rose,6.0
Moccasin,34.0
Mode beige,43.0
Moonstone blue,199.0
Mordant red 19,4.0
Moss green,75.0
Mountain Meadow,161.0
Mountbatten pink,323.0
MSU Green,167.0
Mughal green,120.0
Mulberry,328.0
Mummy's Tomb,130.0
Mustard,47.0
Myrtle green,176.0
Mystic,338.0
Mystic Maroon,329.0
Nadeshiko pink,339.0
Napier green,100.0
Naples yellow,48.0
Navajo white,36.0
Navy,240.0
Navy purple,265.0
Neon Carrot,31.0
Neon fuchsia,349.0
Neon green,111.0
New Car,223.0
New York pink,3.0
Nickel,120.0
Non-photo blue,193.0
North Texas Green,140.0
Nyanza,97.0
Ocean Blue,247.0
Ocean Boat Blue,202.0
Ocean Green,157.0
Ochre,30.0
Office green,120.0
Ogre Odor,6.0
Old burgundy,6.0
Old gold,49.0
Old heliotrope,289.0
Old lace,39.0
Old lavender,304.0
Old mauve,336.0
Old moss green,54.0
Old rose,359.0
Old silver,60.0
Olive,60.0
Olive Drab (#3),80.0
Olive Drab #7,43.0
Olivine,87.0
Onyx,195.0
Opera mauve,319.0
Orange (color wheel),30.0
Orange (Crayola),18.0
Orange (Pantone),21.0
Orange (RYB),36.0
Orange (web),39.0
Orange peel,37.0
Orange-red,16.0
Orange Soda,10.0
Orange-yellow,45.0
Orchid,302.0
Orchid pink,342.0
Orioles orange,15.0
Otter brown,30.0
Outer Space,191.0
Outrageous Orange,12.0
Oxford Blue,212.0
OU Crimson Red,0.0
Pacific Blue,191.0
Pakistan green,120.0
Palatinate blue,234.0
Palatinate purple,308.0
Pale aqua,206.0
Pale blue,180.0
Pale brown,30.0
Pale carmine,5.0
Pale cerulean,205.0
Pale chestnut,358.0
Pale copper,18.0
Pale cornflower blue,210.0
Pale cyan,200.0
Pale gold,34.0
Pale goldenrod,55.0
Pale green,120.0
Pale lavender,255.0
Pale magenta,310.0
Pale magenta-pink,330.0
Pale pink,354.0
Pale plum,300.0
Pale red-violet,340.0
Pale robin egg blue,169.0
Pale silver,21.0
Pale spring bud,59.0
Pale taupe,25.0
Pale turquoise,180.0
Pale violet,270.0
Pale violet-red,340.0
Palm Leaf,88.0
Pansy purple,329.0
Paolo Veronese green,168.0
Papaya whip,37.0
Paradise pink,347.0
Paris Green,140.0
Parrot Pink,353.0
Pastel blue,196.0
Pastel brown,28.0
Pastel gray,60.0
Pastel green,120.0
Pastel magenta,333.0
Pastel orange,35.0
Pastel pink,1.0
Pastel purple,295.0
Pastel red,3.0
Pastel violet,302.0
Pastel yellow,60.0
Patriarch,300.0
Payne's grey,206.0
Peach,39.0
Peach,26.0
Peach-orange,30.0
Peach puff,28.0
Peach-yellow,39.0
Pear,66.0
Pearl,42.0
Pearl Aqua,162.0
Pearly purple,316.0
Peridot,59.0
Periwinkle,240.0
Permanent Geranium Lake,0.0
Persian blue,229.0
Persian green,173.0
Persian indigo,258.0
Persian orange,26.0
Persian pink,329.0
Persian plum,0.0
Persian red,0.0
Persian rose,326.0
Persimmon,22.0
Peru,30.0
Pewter Blue,200.0
Phlox,292.0
Phthalo blue,233.0
Phthalo green,151.0
Picton blue,200.0
Pictorial carmine,338.0
Piggy pink,343.0
Pine green,175.0
Pineapple,289.0
Pink,350.0
Pink (Pantone),328.0
Pink Flamingo,300.0
Pink lace,319.0
Pink lavender,311.0
Pink-orange,20.0
Pink pearl,324.0
Pink raspberry,339.0
Pink Sherbet,346.0
Pistachio,96.0
Pixie Powder,260.0
Platinum,40.0
Plum,307.0
Plum (web),300.0
Plump Purple,251.0
Polished Pine,166.0
Pomp and Power,290.0
Popstar,350.0
Portland Orange,11.0
Powder blue,187.0
Princess Perfume,324.0
Princeton orange,26.0
Prune,0.0
Prussian blue,205.0
Psychedelic purple,292.0
Puce,345.0
Puce red,353.0
Pullman Brown (UPS Brown),33.0
Pullman Green,45.0
Pumpkin,24.0
Purple (HTML),300.0
Purple (Munsell),288.0
Purple (X11),277.0
Purple Heart,270.0
Purple mountain majesty,269.0
Purple navy,236.0
Purple pizzazz,312.0
Purple Plum,285.0
Purple taupe,311.0
Purpureus,288.0
Quartz,313.0
Queen blue,211.0
Queen pink,336.0
Quick Silver,0.0
Quinacridone magenta,338.0
Rackley,204.0
Radical Red,348.0
Raisin black,300.0
Rajah,29.0
Raspberry,337.0
Raspberry glace,343.0
Raspberry pink,330.0
Raspberry rose,338.0
Raw Sienna,24.0
Raw umber,33.0
Razzle dazzle rose,315.0
Razzmatazz,338.0
Razzmic Berry,308.0
Rebecca Purple,270.0
Red,0.0
Red (Crayola),347.0
Red (Munsell),345.0
Red (NCS),345.0
Red (Pantone),355.0
Red (pigment),358.0
Red (RYB),5.0
Red-brown,0.0
Red devil,353.0
Red-orange,3.0
Red-purple,328.0
Red Salsa,355.0
Red-violet,322.0
Redwood,6.0
Regalia,267.0
Registration black,0.0
Resolution blue,224.0
Rhythm,242.0
Rich black,180.0
Rich black (FOGRA29),207.0
Rich black (FOGRA39),210.0
Rich brilliant lavender,291.0
Rich carmine,342.0
Rich electric blue,199.0
Rich lavender,276.0
Rich lilac,284.0
Rich maroon,338.0
Rifle green,84.0
Roast coffee,1.0
Robin egg blue,180.0
Rocket metallic,355.0
Roman silver,221.0
Rose,330.0
Rose bonbon,330.0
Rose Dust,344.0
Rose ebony,4.0
Rose gold,351.0
Rose madder,355.0
Rose pink,320.0
Rose quartz,303.0
Rose red,340.0
Rose taupe,0.0
Rose vale,357.0
Rosewood,353.0
Rosso corsa,0.0
Rosy brown,0.0
Royal azure,220.0
Royal blue,219.0
Royal blue,225.0
Royal fuchsia,321.0
Royal purple,267.0
Royal yellow,48.0
Ruber,339.0
Rubine red,335.0
Ruby,337.0
Ruby red,354.0
Ruddy,351.0
Ruddy brown,25.0
Ruddy pink,354.0
Rufous,8.0
Russet,26.0
Russian green,120.0
Russian violet,270.0
Rust,18.0
Rusty red,352.0
Sacramento State green,164.0
Saddle brown,25.0
Safety orange,28.0
Safety orange (blaze orange),24.0
Safety yellow,53.0
Saffron,45.0
Sage,55.0
St. Patrick's blue,236.0
Salmon,6.0
Salmon pink,350.0
Sand,45.0
Sand dune,43.0
Sandstorm,52.0
Sandy brown,28.0
Sandy Tan,30.0
Sandy taupe,43.0
Sangria,356.0
Sap green,93.0
Sapphire,216.0
Sapphire blue,203.0
Sasquatch Socks,341.0
Satin sheen gold,43.0
Scarlet,8.0
Scarlet,350.0
Schauss pink,344.0
School bus yellow,51.0
Screamin' Green,120.0
Sea blue,197.0
Sea Foam Green,149.0
Sea green,146.0
Sea Serpent,184.0
Seal brown,0.0
Seashell,25.0
Selective yellow,44.0
Sepia,30.0
Shadow,37.0
Shadow blue,214.0
Shampoo,318.0
Shamrock green,156.0
Sheen Green,80.0
Shimmering Blush,349.0
Shiny Shamrock,141.0
Shocking pink,315.0
Shocking pink (Crayola),300.0
Sienna,12.0
Silver,0.0
Silver chalice,0.0
Silver Lake blue,212.0
Silver pink,3.0
Silver sand,200.0
Sinopia,17.0
Sizzling Red,351.0
Sizzling Sunrise,52.0
Skobeloff,180.0
Sky blue,197.0
Sky magenta,320.0
Slate blue,248.0
Slate gray,210.0
Smalt (Dark powder blue),220.0
Slimy Green,111.0
Smashed Pumpkin,16.0
Smitten,329.0
Smoke,132.0
Smokey Topaz,15.0
Smoky black,30.0
Smoky Topaz,357.0
Snow,0.0
Soap,249.0
Solid pink,352.0
Sonic silver,0.0
Spartan Crimson,359.0
Space cadet,226.0
Spanish bistre,52.0
Spanish blue,203.0
Spanish carmine,340.0
Spanish crimson,345.0
Spanish gray,0.0
Spanish green,153.0
Spanish orange,25.0
Spanish pink,1.0
Spanish red,350.0
Spanish sky blue,180.0
Spanish violet,264.0
Spanish viridian,163.0
Spicy mix,17.0
Spiro Disco Ball,195.0
Spring bud,80.0
Spring Frost,94.0
Spring green,150.0
Star command blue,200.0
Steel blue,207.0
Steel pink,300.0
Steel Teal,181.0
Stil de grain yellow,48.0
Stizza,0.0
Stormcloud,189.0
Straw,54.0
Strawberry,341.0
Sugar Plum,325.0
Sunburnt Cyclops,356.0
Sunglow,45.0
Sunny,60.0
Sunray,36.0
Sunset,35.0
Sunset orange,4.0
Super pink,323.0
Sweet Brown,3.0
Tan,34.0
Tangelo,19.0
Tangerine,33.0
Tangerine yellow,48.0
Tango pink,355.0
Tart Orange,2.0
Taupe,27.0
Taupe gray,320.0
Tea green,100.0
Tea rose,5.0
Tea rose,0.0
Teal,180.0
Teal blue,194.0
Teal deer,140.0
Teal green,179.0
Telemagenta,334.0
Tenné (tawny),25.0
Terra cotta,10.0
Thistle,300.0
Thulian pink,333.0
Tickle Me Pink,342.0
Tiffany Blue,178.0
Tiger's eye,30.0
Timberwolf,33.0
Titanium yellow,58.0
Tomato,9.0
Toolbox,246.0
Topaz,35.0
Tractor red,350.0
Trolley Grey,0.0
Tropical rain forest,168.0
Tropical violet,282.0
True Blue,207.0
Tufts Blue,210.0
Tulip,357.0
Tumbleweed,24.0
Turkish rose,347.0
Turquoise,174.0
Turquoise blue,176.0
Turquoise green,142.0
Turquoise Surf,182.0
Turtle green,75.0
Tuscan,35.0
Tuscan brown,25.0
Tuscan red,0.0
Tuscan tan,26.0
Tuscany,0.0
Twilight lavender,329.0
Tyrian purple,325.0
UA blue,222.0
UA red,339.0
Ube,253.0
UCLA Blue,221.0
UCLA Gold,42.0
UFO Green,141.0
Ultramarine,244.0
Ultramarine blue,228.0
Ultra pink,300.0
Ultra red,350.0
Umber,21.0
Unbleached silk,22.0
United Nations blue,216.0
University of California Gold,40.0
Unmellow yellow,60.0
UP Forest green,149.0
UP Maroon,359.0
Upsdell red,356.0
Urobilin,44.0
USAFA blue,209.0
USC Cardinal,0.0
USC Gold,48.0
University of Tennessee Orange,31.0
Utah Crimson,342.0
Van Dyke Brown,25.0
Vanilla,48.0
Vanilla ice,344.0
Vegas gold,50.0
Venetian red,356.0
Verdigris,177.0
Vermilion,5.0
Vermilion,8.0
Veronica,277.0
Very light azure,208.0
Very light blue,240.0
Very light malachite green,135.0
Very light tangelo,25.0
Very pale orange,30.0
Very pale yellow,60.0
Violet,274.0
Violet (color wheel),270.0
Violet (RYB),286.0
Violet (web),300.0
Violet-blue,229.0
Violet-red,336.0
Viridian,161.0
Viridian green,181.0
Vista blue,218.0
Vivid amber,45.0
Vivid auburn,2.0
Vivid burgundy,349.0
Vivid cerise,328.0
Vivid cerulean,197.0
Vivid crimson,345.0
Vivid gamboge,36.0
Vivid lime green,74.0
Vivid malachite,135.0
Vivid mulberry,288.0
Vivid orange,22.0
Vivid orange peel,18.0
Vivid orchid,288.0
Vivid raspberry,335.0
Vivid red,357.0
Vivid red-tangelo,20.0
Vivid sky blue,192.0
Vivid tangelo,23.0
Vivid tangerine,12.0
Vivid vermilion,19.0
Vivid violet,277.0
Vivid yellow,53.0
Volt,72.0
Wageningen Green,120.0
Warm black,180.0
Waterspout,184.0
Weldon Blue,204.0
Wenge,7.0
Wheat,39.0
White,0.0
White smoke,0.0
Wild blue yonder,226.0
Wild orchid,330.0
Wild Strawberry,329.0
Wild watermelon,350.0
Willpower orange,21.0
Windsor tan,30.0
Wine,353.0
Wine dregs,336.0
Winter Sky,331.0
Winter Wizard,196.0
Wintergreen Dream,167.0
Wisteria,281.0
Wood brown,33.0
Xanadu,136.0
Yale Blue,212.0
Yankees blue,221.0
Yellow,60.0
Yellow (Crayola),50.0
Yellow (Munsell),51.0
Yellow (NCS),50.0
Yellow (Pantone),53.0
Yellow (process),56.0
Yellow (RYB),60.0
Yellow-green,80.0
Yellow Orange,34.0
Yellow rose,56.0
Yellow Sunshine,58.0
Zaffre,233.0
Zinnwaldite brown,23.0
Zomp,166.0
