Interest	Clothing
Astronomy	Sweater
Astronomy	Sweatshirt
Astronomy	Hat
Backpacking	Jacket
Backpacking	Windbreaker
Backpacking	Hiking Boots
Backpacking	Backpack
Backpacking	Water Bottle
Baseball	Baseball Cap
Baseball	Jersey
Baseball	Cleats
Basketball	Basketball Shoes
Basketball	Basketball Shorts
Basketball	Headband
Basketball	Tank Top
Beach	Swimsuit
Beach	Sunglasses
Beach	Sunhat
Beach	Beach Towel
Beach	Sandals
Biking	Padded Shorts
Biking	Cycling Jersey
Biking	Helmet
Biking	Sunglasses
Biking	Water Bottle
Boxing	Boxing Gloves
Boxing	Hand Wraps
Boxing	Boxing Shorts
Boxing	Boxing Shoes
Camping	Tent
Camping	Sleeping Bag
Camping	Headlamp
Cooking	Apron
Cooking	Chef's Hat
Cooking	Oven Mitts
Dancing	Dance Shoes
Dancing	Leotard
Fishing	Fishing Hat
Fishing	Fishing Rod
Fishing	Waders
Fishing	Fishing Vest
Fitness	Athletic Leggings
Fitness	Sports Bra
Fitness	Tank Top
Fitness	Running Shoes
Fitness	Gym Bag
Gardening	Gardening Gloves
Gardening	Sun Hat
Golf	Golf Shoes
Golf	Golf Glove
Golf	Golf Bag
Hiking	Hiking Boots
Hiking	Trail Pants
Hiking	Fleece Jacket
Hiking	Backpack
Hiking	Trekking Poles
Horseback Riding	Riding Boots
Horseback Riding	Riding Helmet
Horseback Riding	Riding Pants
Horseback Riding	Riding Gloves
Kayaking	Life Jacket
Kayaking	Dry Bag
Kayaking	Waterproof Phone Case
Mountain Climbing	Climbing Shoes
Mountain Climbing	Climbing Helmet
Mountain Climbing	Chalk Bag
Music	Band T-shirt
Music	Leather Jacket
Music	Jeans
Music	Headphones
Painting	Smock
Painting	Jeans
Photography	Camera
Photography	Lens
Photography	Tripod
Photography	Camera Bag
Photography	Memory Card
Running	Running Shoes
Running	Moisture-Wicking Socks
Running	Headband
Running	Shorts
Running	Water Bottle
Skiing	Ski Jacket
Skiing	Ski Pants
Skiing	Gloves
Skiing	Goggles
Skiing	Ski Helmet
Snowboarding	Snowboard Boots
Snowboarding	Jacket
Snowboarding	Pants
Snowboarding	Snowboard Helmet
Soccer	Soccer Cleats
Soccer	Shin Guards
Soccer	Soccer Socks
Soccer	Soccer Shorts
Surfing	Wetsuit
Swimming	Swimsuit
Swimming	Goggles
Swimming	Swim Cap
Swimming	Flip Flops
Swimming	Beach Towel
Tennis	Tennis Shoes
Tennis	Tennis Bag
Tennis	Tennis Visor
Volleyball	Volleyball Shoes
Volleyball	Knee Pads
Volleyball	Shorts
Volleyball	Tank Top
Yoga	Yoga Pants
Yoga	Yoga Mat
Yoga	Tank Top
Yoga	Yoga Blocks
Yoga	Yoga Strap
